{"stats":{"minecraft:custom":{"minecraft:jump":116,"minecraft:time_since_rest":5591,"minecraft:damage_dealt":80,"minecraft:crouch_one_cm":163,"minecraft:leave_game":1,"minecraft:sprint_one_cm":23711,"minecraft:play_time":5591,"minecraft:damage_taken":60,"minecraft:time_since_death":5591,"minecraft:walk_one_cm":7654,"minecraft:sneak_time":147,"minecraft:total_world_time":5591,"minecraft:mob_kills":1,"minecraft:fall_one_cm":3986,"minecraft:fly_one_cm":56629},"minecraft:killed":{"minecraft:sheep":1},"minecraft:mined":{"minecraft:grass":2,"minecraft:birch_leaves":1,"minecraft:oak_leaves":2},"minecraft:used":{"minecraft:mutton":1},"minecraft:picked_up":{"minecraft:mutton":2,"minecraft:white_wool":1}},"DataVersion":3465}